channel,pca_loading,dynamic_factor_loading
policy_support,0.4663124728416626,0.13128554259951192
company_sentiment,-0.035235194268032455,0.0524504507063696
confidence_balance,0.6276313247385426,0.34319175972694255
signed_breadth,0.6224066829365905,0.5544296333992423
