quantile,coefficient,std_error,ci_low,ci_high,p_value,nobs,p_value_fdr
0.1,-0.005798413785690655,0.0023027331709390593,-0.010311770800731212,-0.001285056770650099,0.011919193521109385,1311,0.01489899190138673
0.25,-0.005053537761754534,0.0015871118796220377,-0.008164277045813729,-0.0019427984776953398,0.0014862873039039712,1311,0.002477145506506619
0.5,-0.0062556365289893855,0.0015875822863896745,-0.009367297810313147,-0.0031439752476656235,8.566712405608223e-05,1311,0.0004283356202804111
0.75,-0.0001029119695951298,0.0018140967986171516,-0.003658541694884747,0.0034527177556944876,0.954769718348855,1311,0.954769718348855
0.9,0.008995406638384012,0.002438257393186962,0.004216422147737566,0.013774391129030457,0.00023413658469963847,1311,0.0005853414617490962
