model,feature_set,observations,auc,accuracy,f1,brier
logistic,technical_only,1500,0.494279989831093,0.4886666666666667,0.4785859959211421,0.26128615996706434
logistic,technical_plus_rule_events,1500,0.5139493581321922,0.5086666666666667,0.5419515226848974,0.2703590163115132
logistic,technical_plus_llm_events,1500,0.5088862380199787,0.508,0.4636627906976744,0.286020149277469
logistic,technical_plus_adjudicated_hybrid,1500,0.5062302332981925,0.5033333333333333,0.4573925710123816,0.28545146957680134
hist_gradient_boosting,technical_only,1500,0.5129200229689297,0.51,0.5173998686802364,0.2840777171975379
hist_gradient_boosting,technical_plus_rule_events,1500,0.5120186880332231,0.5213333333333333,0.5373711340206185,0.29591305967173304
hist_gradient_boosting,technical_plus_llm_events,1500,0.48832975703067916,0.48733333333333334,0.46782006920415226,0.3033401950512354
hist_gradient_boosting,technical_plus_adjudicated_hybrid,1500,0.48813242334653034,0.488,0.4696132596685083,0.30599097262773634
