model,feature_set,observations,auc,accuracy,f1,brier,log_loss
logistic,technical_only,880,0.5393757980882071,0.5329545454545455,0.4777636594663278,0.27114522698608573,0.7668959018814885
hist_gradient_boosting,technical_only,880,0.5130976937512601,0.509090909090909,0.4744525547445255,0.3011325253120206,0.8674998136796086
logistic,technical_plus_realtime_index,880,0.5296720794495194,0.5215909090909091,0.5274971941638609,0.2773581181550754,0.7806674485304262
hist_gradient_boosting,technical_plus_realtime_index,880,0.5116915075660055,0.5125,0.48867699642431467,0.296248857176099,0.8383790893467402
logistic,technical_plus_realtime_channels,880,0.47539949646127044,0.4863636363636364,0.540650406504065,0.38058104679427973,2.3924783095042637
hist_gradient_boosting,technical_plus_realtime_channels,880,0.5097735109677353,0.5147727272727273,0.4824242424242424,0.29522866287663535,0.8249110221717897
