metric,estimate,ci_low,ci_high,clusters,observations,comparison
technical,0.5425648520277676,0.44128319933230953,0.6588586432797611,30,331,events_without_global
technical_events,0.607234198027037,0.513297423908917,0.7046890968406068,30,331,events_without_global
delta_technical_events_minus_technical,0.06466934599926943,-0.09266698763084089,0.23050273503694924,30,331,events_without_global
technical,0.5425648520277676,0.44430825465243573,0.6564900568443489,30,331,events_with_global
technical_global_events,0.6314212641578371,0.5161573119945422,0.7340864799526082,30,331,events_with_global
delta_technical_global_events_minus_technical,0.08885641213006945,-0.0901904084951138,0.26375265652955115,30,331,events_with_global
