target,subset,feature_set,ensemble,observations,positive_share,auc,accuracy,balanced_accuracy,f1,brier,auc_ci_low,auc_ci_high
extreme_relative_5d,all,technical_global_events,logistic+hist_gradient_boosting+extra_trees,31559,0.5139262967774645,0.536687390720221,0.5329699927120631,0.5309442612938147,0.5705544710235716,0.25205632590569726,0.5281500422652813,0.5454660038152427
extreme_relative_5d,event_window_20d,technical_global_events,logistic+hist_gradient_boosting+extra_trees,331,0.486404833836858,0.654914139568871,0.6102719033232629,0.6107234198027036,0.6102719033232629,0.23726536187922814,0.5988585086714894,0.716146690655744
volatility_jump_5d,all,technical_events,logistic+hist_gradient_boosting+extra_trees,52061,0.24010295614759608,0.6794838512676626,0.6858685004129771,0.6169903854806502,0.42549005831518305,0.19854694074272936,0.6659088391120083,0.6917225000148063
volatility_jump_5d,event_window_20d,technical_events,logistic+hist_gradient_boosting+extra_trees,577,0.2720970537261698,0.685092508340916,0.6395147313691508,0.6048074006672732,0.44385026737967914,0.20811161591538,0.6386777898747283,0.7339154807240534
volatility_jump_5d,all,technical_events,logistic+extra_trees,52061,0.24010295614759608,0.678793959707793,0.6020629645992202,0.6313727327418417,0.45353591305953417,0.22907102110915603,0.6663002785907316,0.690748538193217
volatility_jump_5d,event_window_20d,technical_events,logistic+extra_trees,577,0.2720970537261698,0.6968001213224143,0.6239168110918544,0.6499317561419472,0.5056947608200456,0.22942893061871614,0.6540064775588057,0.7453518962039699
